CampaignID,Accepted,Rejected,TotalLeads,IORate,Scrub,IOMaxScrub,Payout,Revenue,RevPerPost,Profit
19106,474,0,474,$28.00 ,0.00%,0.00%,"$2,326.80 ","$13,272.00 ",$28.00 ,"$10,945.20 "
22071,231,0,231,$31.00 ,0.00%,0.00%,$0.00 ,"$7,161.00 ",$31.00 ,"$7,161.00 "
22070,221,0,221,$31.00 ,0.00%,0.00%,$0.00 ,"$6,851.00 ",$31.00 ,"$6,851.00 "
22079,148,0,148,$35.00 ,0.00%,0.00%,$0.00 ,"$5,180.00 ",$35.00 ,"$5,180.00 "
22068,121,0,121,$40.00 ,0.00%,0.00%,$0.00 ,"$4,840.00 ",$40.00 ,"$4,840.00 "
22078,137,0,137,$35.00 ,0.00%,0.00%,$0.00 ,"$4,795.00 ",$35.00 ,"$4,795.00 "
22069,107,0,107,$35.00 ,0.00%,0.00%,$0.00 ,"$3,745.00 ",$35.00 ,"$3,745.00 "
18913,169,0,169,$18.75 ,0.00%,0.00%,$626.38 ,"$3,168.75 ",$18.75 ,"$2,542.37 "
22235,62,0,62,$33.00 ,0.00%,0.00%,$0.00 ,"$2,046.00 ",$33.00 ,"$2,046.00 "
21011,106,0,106,$15.00 ,0.00%,0.00%,$0.00 ,"$1,590.00 ",$15.00 ,"$1,590.00 "
8858,"4,425",0,"4,425",$0.35 ,0.00%,0.00%,$214.20 ,"$1,548.75 ",$0.35 ,"$1,334.55 "
22242,149,0,149,$10.00 ,0.00%,0.00%,$780.00 ,"$1,490.00 ",$10.00 ,$710.00 
21013,116,0,116,$12.50 ,0.00%,0.00%,$20.00 ,"$1,450.00 ",$12.50 ,"$1,430.00 "
21007,118,0,118,$12.00 ,0.00%,0.00%,$24.00 ,"$1,416.00 ",$12.00 ,"$1,392.00 "
9861,"2,093","1,154","3,247",$0.85 ,21.00%,21.00%,$0.00 ,"$1,400.04 ",$0.43 ,"$1,400.04 "
18108,128,0,128,$10.00 ,-2.70%,0.00%,$920.32 ,"$1,314.56 ",$10.27 ,$394.24 
15913,"1,809",450,"2,259",$1.50 ,5.00%,15.00%,$4.50 ,"$1,262.24 ",$0.56 ,"$1,257.74 "
22156,177,0,177,$6.50 ,0.00%,0.00%,$538.20 ,"$1,150.50 ",$6.50 ,$612.30 
18591,94,0,94,$12.00 ,0.00%,0.00%,$120.00 ,"$1,128.00 ",$12.00 ,"$1,008.00 "
19437,318,0,318,$3.50 ,0.00%,0.00%,$511.84 ,"$1,113.00 ",$3.50 ,$601.16 
18588,106,0,106,$10.50 ,0.00%,0.00%,$51.45 ,"$1,113.00 ",$10.50 ,"$1,061.55 "
18586,68,0,68,$15.75 ,0.00%,0.00%,$47.25 ,"$1,071.00 ",$15.75 ,"$1,023.75 "
22245,96,0,96,$11.00 ,0.00%,0.00%,$440.00 ,"$1,056.00 ",$11.00 ,$616.00 
21796,34,0,34,$31.00 ,0.00%,0.00%,$0.00 ,"$1,054.00 ",$31.00 ,"$1,054.00 "
22159,42,0,42,$25.00 ,0.00%,0.00%,$212.50 ,"$1,050.00 ",$25.00 ,$837.50 
22201,173,0,173,$6.00 ,0.00%,0.00%,$156.30 ,"$1,038.00 ",$6.00 ,$881.70 
22296,133,0,133,$7.50 ,0.00%,0.00%,$360.79 ,$997.50 ,$7.50 ,$636.71 
22238,30,0,30,$33.00 ,0.00%,0.00%,$0.00 ,$990.00 ,$33.00 ,$990.00 
16914,75,0,75,$13.00 ,0.00%,0.00%,$313.30 ,$975.00 ,$13.00 ,$661.70 
22243,138,0,138,$7.00 ,0.00%,0.00%,$286.30 ,$966.00 ,$7.00 ,$679.70 
19934,937,0,937,$1.07 ,5.00%,0.00%,$0.00 ,$955.74 ,$1.02 ,$955.74 
21444,96,0,96,$9.50 ,0.00%,0.00%,$37.05 ,$912.00 ,$9.50 ,$874.95 
18751,66,0,66,$13.75 ,0.00%,0.00%,$0.00 ,$907.50 ,$13.75 ,$907.50 
22298,99,0,99,$9.00 ,0.00%,0.00%,$204.30 ,$891.00 ,$9.00 ,$686.70 
22244,126,0,126,$7.00 ,0.00%,0.00%,$636.30 ,$882.00 ,$7.00 ,$245.70 
22220,26,0,26,$33.00 ,0.00%,0.00%,$33.00 ,$858.00 ,$33.00 ,$825.00 
14280,154,0,154,$5.50 ,0.00%,0.00%,$263.60 ,$847.00 ,$5.50 ,$583.40 
21797,27,0,27,$31.00 ,0.00%,0.00%,$0.00 ,$837.00 ,$31.00 ,$837.00 
19427,118,0,118,$7.00 ,0.00%,0.00%,$63.70 ,$826.00 ,$7.00 ,$762.30 
22240,86,0,86,$9.00 ,0.00%,0.00%,$549.90 ,$774.00 ,$9.00 ,$224.10 
21320,514,0,514,$1.50 ,0.00%,0.00%,$0.00 ,$771.00 ,$1.50 ,$771.00 
19707,92,0,92,$6.00 ,-34.00%,0.00%,$514.69 ,$734.16 ,$7.98 ,$219.47 
16971,166,0,166,$4.25 ,0.00%,0.00%,$226.85 ,$705.50 ,$4.25 ,$478.65 
22246,172,0,172,$4.00 ,0.00%,0.00%,$230.20 ,$688.00 ,$4.00 ,$457.80 
19426,104,0,104,$6.50 ,0.00%,0.00%,$473.20 ,$676.00 ,$6.50 ,$202.80 
13315,46,0,46,$12.50 ,-16.00%,0.00%,$56.00 ,$667.00 ,$14.50 ,$611.00 
22271,107,0,107,$6.00 ,0.00%,0.00%,$463.80 ,$642.00 ,$6.00 ,$178.20 
18670,69,0,69,$9.00 ,0.00%,0.00%,$434.70 ,$621.00 ,$9.00 ,$186.30 
17617,23,0,23,$27.00 ,0.00%,0.00%,$168.75 ,$621.00 ,$27.00 ,$452.25 
22223,20,0,20,$31.00 ,0.00%,0.00%,$0.00 ,$620.00 ,$31.00 ,$620.00 
18590,77,0,77,$8.00 ,0.00%,0.00%,$110.00 ,$616.00 ,$8.00 ,$506.00 
21709,876,321,"1,197",$0.60 ,0.00%,10.00%,$0.00 ,$614.40 ,$0.51 ,$614.40 
22304,34,0,34,$18.00 ,0.00%,0.00%,$0.00 ,$612.00 ,$18.00 ,$612.00 
14178,"3,000",777,"3,777",$0.20 ,0.00%,0.00%,$7.00 ,$600.00 ,$0.16 ,$593.00 
19747,150,0,150,$4.00 ,0.00%,0.00%,$151.80 ,$600.00 ,$4.00 ,$448.20 
21775,149,0,149,$4.00 ,0.00%,0.00%,$211.40 ,$596.00 ,$4.00 ,$384.60 
18460,74,0,74,$8.00 ,0.00%,0.00%,$108.80 ,$592.00 ,$8.00 ,$483.20 
21363,118,0,118,$5.00 ,0.00%,0.00%,$23.50 ,$590.00 ,$5.00 ,$566.50 
14120,"3,119","1,365","4,484",$0.30 ,40.00%,15.00%,$0.00 ,$561.42 ,$0.13 ,$561.42 
22261,62,0,62,$10.00 ,10.00%,0.00%,$261.50 ,$558.00 ,$9.00 ,$296.50 
14199,90,0,90,$6.02 ,0.00%,0.00%,$191.24 ,$541.80 ,$6.02 ,$350.56 
22299,88,0,88,$6.00 ,0.00%,0.00%,$141.30 ,$528.00 ,$6.00 ,$386.70 
22300,148,0,148,$3.50 ,0.00%,0.00%,$183.60 ,$518.00 ,$3.50 ,$334.40 
16151,"1,500","1,144","2,644",$0.38 ,22.00%,10.00%,$570.00 ,$510.00 ,$0.19 ,($60.00)
18393,33,0,33,$12.50 ,-20.00%,0.00%,$171.00 ,$495.00 ,$15.00 ,$324.00 
22096,38,0,38,$13.00 ,0.00%,0.00%,$89.70 ,$494.00 ,$13.00 ,$404.30 
22214,14,0,14,$35.00 ,0.00%,0.00%,$0.00 ,$490.00 ,$35.00 ,$490.00 
22146,16,0,16,$30.00 ,0.00%,0.00%,$0.00 ,$480.00 ,$30.00 ,$480.00 
22237,53,0,53,$9.00 ,0.00%,0.00%,$333.90 ,$477.00 ,$9.00 ,$143.10 
22270,17,0,17,$28.00 ,0.00%,0.00%,$0.00 ,$476.00 ,$28.00 ,$476.00 
21749,656,"1,418","2,074",$0.70 ,0.00%,10.00%,$321.44 ,$459.20 ,$0.22 ,$137.76 
6909,"1,249",752,"2,001",$0.69 ,10.00%,0.00%,$0.00 ,$449.64 ,$0.22 ,$449.64 
21967,2,0,2,$740.00 ,70.00%,0.00%,$297.48 ,$444.00 ,$222.00 ,$146.52 
21714,17,0,17,$26.00 ,0.00%,0.00%,$0.00 ,$442.00 ,$26.00 ,$442.00 
18938,98,0,98,$4.50 ,0.00%,0.00%,$213.65 ,$441.00 ,$4.50 ,$227.35 
19787,218,0,218,$2.00 ,0.00%,0.00%,$0.00 ,$436.00 ,$2.00 ,$436.00 
18409,31,0,31,$14.00 ,0.00%,0.00%,$255.50 ,$434.00 ,$14.00 ,$178.50 
21445,64,0,64,$6.75 ,0.00%,0.00%,$134.33 ,$432.00 ,$6.75 ,$297.67 
19000,48,0,48,$9.00 ,0.00%,0.00%,$324.00 ,$432.00 ,$9.00 ,$108.00 
18753,29,0,29,$14.75 ,0.00%,0.00%,$299.57 ,$427.75 ,$14.75 ,$128.18 
14557,568,325,893,$0.65 ,25.00%,15.00%,$0.00 ,$426.00 ,$0.48 ,$426.00 
22212,12,0,12,$35.00 ,0.00%,0.00%,$0.00 ,$420.00 ,$35.00 ,$420.00 
21755,269,0,269,$1.50 ,0.00%,0.00%,$0.00 ,$403.50 ,$1.50 ,$403.50 
21319,80,0,80,$5.00 ,0.00%,0.00%,$151.00 ,$400.00 ,$5.00 ,$249.00 
21080,84,0,84,$5.00 ,5.00%,0.00%,$208.00 ,$399.00 ,$4.75 ,$191.00 
21602,12,0,12,$33.00 ,0.00%,0.00%,$0.00 ,$396.00 ,$33.00 ,$396.00 
22166,131,0,131,$20.00 ,85.00%,0.00%,$373.65 ,$393.00 ,$3.00 ,$19.35 
21802,13,0,13,$30.00 ,0.00%,0.00%,$0.00 ,$390.00 ,$30.00 ,$390.00 
18589,21,0,21,$18.50 ,0.00%,0.00%,$18.50 ,$388.50 ,$18.50 ,$370.00 
22287,43,0,43,$9.00 ,0.00%,0.00%,$193.05 ,$387.00 ,$9.00 ,$193.95 
21724,120,0,120,$2.30 ,-40.00%,0.00%,$270.00 ,$386.40 ,$3.22 ,$116.40 
21621,511,713,"1,224",$0.75 ,0.00%,10.00%,$0.00 ,$383.25 ,$0.31 ,$383.25 
19156,14,0,14,$27.00 ,-0.49%,0.00%,$289.89 ,$379.82 ,$27.13 ,$89.93 
9425,186,0,186,$2.60 ,22.00%,0.00%,$17.65 ,$377.58 ,$2.03 ,$359.93 
21017,47,0,47,$8.00 ,0.00%,0.00%,$263.20 ,$376.00 ,$8.00 ,$112.80 
18685,44,0,44,$8.50 ,0.00%,0.00%,$261.80 ,$374.00 ,$8.50 ,$112.20 
18686,62,0,62,$6.00 ,0.00%,0.00%,$269.40 ,$372.00 ,$6.00 ,$102.60 
21015,49,0,49,$7.50 ,0.00%,0.00%,$257.25 ,$367.50 ,$7.50 ,$110.25 
19811,86,0,86,$4.25 ,0.00%,0.00%,$267.71 ,$365.50 ,$4.25 ,$97.79 
22227,9,0,9,$40.00 ,0.00%,0.00%,$0.00 ,$360.00 ,$40.00 ,$360.00 
14198,60,0,60,$5.80 ,0.00%,0.00%,$125.57 ,$348.00 ,$5.80 ,$222.43 
21725,93,0,93,$2.60 ,-44.00%,0.00%,$243.52 ,$347.82 ,$3.74 ,$104.30 
21756,222,0,222,$1.50 ,0.00%,0.00%,$0.00 ,$333.00 ,$1.50 ,$333.00 
19789,135,0,135,$2.45 ,0.00%,0.00%,$65.12 ,$330.75 ,$2.45 ,$265.63 
20607,"1,832","1,465","3,297",$0.18 ,0.00%,10.00%,$0.00 ,$329.76 ,$0.10 ,$329.76 
13397,"1,529","1,456","2,985",$0.28 ,25.00%,10.00%,$0.00 ,$321.09 ,$0.11 ,$321.09 
21223,97,0,97,$3.30 ,0.00%,0.00%,$244.86 ,$320.10 ,$3.30 ,$75.24 
19449,91,0,91,$3.50 ,0.00%,0.00%,$100.65 ,$318.50 ,$3.50 ,$217.85 
21016,52,0,52,$6.00 ,0.00%,0.00%,$218.40 ,$312.00 ,$6.00 ,$93.60 
22211,52,0,52,$6.00 ,0.00%,0.00%,$82.80 ,$312.00 ,$6.00 ,$229.20 
17240,24,0,24,$13.00 ,0.00%,0.00%,$194.35 ,$312.00 ,$13.00 ,$117.65 
3191,"1,682",243,"1,925",$0.25 ,30.00%,0.00%,$0.00 ,$302.76 ,$0.16 ,$302.76 
20673,80,0,80,$3.75 ,0.00%,0.00%,$138.59 ,$300.00 ,$3.75 ,$161.41 
21803,10,0,10,$30.00 ,0.00%,0.00%,$0.00 ,$300.00 ,$30.00 ,$300.00 
18967,84,0,84,$3.50 ,0.00%,0.00%,$217.35 ,$294.00 ,$3.50 ,$76.65 
19876,35,0,35,$8.30 ,0.00%,0.00%,$33.20 ,$290.50 ,$8.30 ,$257.30 
21040,36,0,36,$8.00 ,0.00%,0.00%,$142.40 ,$288.00 ,$8.00 ,$145.60 
17115,24,0,24,$12.00 ,0.00%,0.00%,$201.60 ,$288.00 ,$12.00 ,$86.40 
22294,36,0,36,$6.00 ,-33.00%,0.00%,$201.24 ,$287.28 ,$7.98 ,$86.04 
14486,"9,500","2,774","12,274",$0.04 ,0.00%,10.00%,$0.00 ,$285.00 ,$0.02 ,$285.00 
19048,47,0,47,$6.00 ,0.00%,0.00%,$72.00 ,$282.00 ,$6.00 ,$210.00 
21720,9,0,9,$31.00 ,0.00%,0.00%,$0.00 ,$279.00 ,$31.00 ,$279.00 
21014,42,0,42,$6.50 ,0.00%,0.00%,$193.05 ,$273.00 ,$6.50 ,$79.95 
22190,68,0,68,$4.00 ,0.00%,0.00%,$58.60 ,$272.00 ,$4.00 ,$213.40 
17217,12,0,12,$22.05 ,-2.30%,0.00%,$189.48 ,$270.72 ,$22.56 ,$81.24 
18324,74,0,74,$3.50 ,-4.30%,0.00%,$189.44 ,$270.10 ,$3.65 ,$80.66 
20755,50,0,50,$6.00 ,10.00%,0.00%,$186.72 ,$270.00 ,$5.40 ,$83.28 
16371,715,952,"1,667",$0.60 ,22.00%,0.00%,$0.00 ,$267.05 ,$0.16 ,$267.05 
18317,34,0,34,$8.00 ,2.00%,0.00%,$0.00 ,$266.56 ,$7.84 ,$266.56 
22200,17,0,17,$15.00 ,0.00%,0.00%,$135.75 ,$255.00 ,$15.00 ,$119.25 
21610,31,0,31,$8.00 ,0.00%,0.00%,$248.00 ,$248.00 ,$8.00 ,$0.00 
20710,27,0,27,$9.00 ,0.00%,0.00%,$170.10 ,$243.00 ,$9.00 ,$72.90 
18153,53,0,53,$4.55 ,0.00%,0.00%,$186.75 ,$241.15 ,$4.55 ,$54.40 
21408,41,0,41,$5.50 ,0.00%,0.00%,$164.45 ,$225.50 ,$5.50 ,$61.05 
13894,15,0,15,$15.00 ,0.50%,0.00%,$98.89 ,$223.95 ,$14.93 ,$125.06 
21727,67,0,67,$2.30 ,-45.00%,0.00%,$156.78 ,$223.78 ,$3.34 ,$67.00 
17157,"2,444","2,004","4,448",$0.09 ,5.00%,10.00%,$219.96 ,$219.96 ,$0.05 ,$0.00 
19654,144,0,144,$1.50 ,0.00%,0.00%,$66.93 ,$216.00 ,$1.50 ,$149.07 
18752,20,0,20,$10.75 ,0.00%,0.00%,$150.60 ,$215.00 ,$10.75 ,$64.40 
20070,41,0,41,$5.20 ,0.00%,0.00%,$72.54 ,$213.20 ,$5.20 ,$140.66 
19806,142,0,142,$1.50 ,0.00%,0.00%,$118.65 ,$213.00 ,$1.50 ,$94.35 
16745,51,0,51,$4.25 ,3.00%,0.00%,$170.17 ,$210.12 ,$4.12 ,$39.95 
22203,70,0,70,$3.00 ,0.00%,0.00%,$70.95 ,$210.00 ,$3.00 ,$139.05 
22222,7,0,7,$30.00 ,0.00%,0.00%,$0.00 ,$210.00 ,$30.00 ,$210.00 
14234,352,347,699,$0.45 ,2.00%,10.00%,$0.00 ,$201.09 ,$0.29 ,$201.09 
21331,73,0,73,$2.75 ,0.00%,0.00%,$115.08 ,$200.75 ,$2.75 ,$85.67 
19413,49,0,49,$4.00 ,0.00%,0.00%,$59.40 ,$196.00 ,$4.00 ,$136.60 
16837,27,0,27,$7.25 ,0.00%,0.00%,$43.50 ,$195.75 ,$7.25 ,$152.25 
19637,23,0,23,$8.50 ,0.00%,0.00%,$49.73 ,$195.50 ,$8.50 ,$145.77 
22111,430,645,"1,075",$0.45 ,0.00%,10.00%,$0.00 ,$193.50 ,$0.18 ,$193.50 
21591,29,0,29,$6.50 ,0.00%,0.00%,$137.80 ,$188.50 ,$6.50 ,$50.70 
19669,8,0,8,$24.00 ,2.00%,0.00%,$143.46 ,$188.16 ,$23.52 ,$44.70 
18624,22,0,22,$8.50 ,0.00%,0.00%,$34.02 ,$187.00 ,$8.50 ,$152.98 
21222,103,0,103,$1.75 ,0.00%,0.00%,$109.96 ,$180.25 ,$1.75 ,$70.29 
22138,40,0,40,$4.50 ,0.00%,0.00%,$40.50 ,$180.00 ,$4.50 ,$139.50 
21010,20,0,20,$9.00 ,0.00%,0.00%,$130.50 ,$180.00 ,$9.00 ,$49.50 
18901,12,0,12,$15.00 ,0.50%,0.00%,$119.87 ,$179.16 ,$14.93 ,$59.29 
21277,178,0,178,$1.00 ,0.00%,0.00%,$0.00 ,$178.00 ,$1.00 ,$178.00 
22236,22,0,22,$8.00 ,0.00%,0.00%,$99.20 ,$176.00 ,$8.00 ,$76.80 
22241,19,0,19,$9.00 ,0.00%,0.00%,$119.70 ,$171.00 ,$9.00 ,$51.30 
21396,13,0,13,$13.00 ,0.00%,0.00%,$113.10 ,$169.00 ,$13.00 ,$55.90 
22215,56,0,56,$3.00 ,0.00%,0.00%,$117.60 ,$168.00 ,$3.00 ,$50.40 
19439,21,0,21,$8.00 ,0.00%,0.00%,$117.60 ,$168.00 ,$8.00 ,$50.40 
20671,41,0,41,$4.00 ,0.00%,0.00%,$79.80 ,$164.00 ,$4.00 ,$84.20 
22108,27,0,27,$6.00 ,0.00%,0.00%,$111.90 ,$162.00 ,$6.00 ,$50.10 
17873,9,0,9,$19.00 ,6.00%,0.00%,$38.00 ,$160.74 ,$17.86 ,$122.74 
18085,54,0,54,$2.95 ,0.00%,0.00%,$119.70 ,$159.30 ,$2.95 ,$39.60 
21992,24,0,24,$6.50 ,0.00%,0.00%,$17.56 ,$156.00 ,$6.50 ,$138.44 
20191,59,0,59,$2.63 ,0.00%,0.00%,$20.51 ,$155.17 ,$2.63 ,$134.66 
20709,22,0,22,$7.00 ,0.00%,0.00%,$107.80 ,$154.00 ,$7.00 ,$46.20 
15121,"7,606","3,610","11,216",$0.02 ,0.00%,0.00%,$0.00 ,$152.12 ,$0.01 ,$152.12 
21225,49,0,49,$3.10 ,0.00%,0.00%,$106.33 ,$151.90 ,$3.10 ,$45.57 
18910,590,289,879,$0.45 ,0.00%,20.00%,$0.00 ,$147.50 ,$0.17 ,$147.50 
11541,545,274,819,$0.30 ,30.00%,20.00%,$0.00 ,$147.43 ,$0.18 ,$147.43 
17718,6,0,6,$35.00 ,30.00%,0.00%,$102.90 ,$147.00 ,$24.50 ,$44.10 
20515,"1,465","1,941","3,406",$0.13 ,20.00%,20.00%,$190.45 ,$146.50 ,$0.04 ,($43.95)
22293,85,0,85,$1.70 ,0.00%,0.00%,$55.21 ,$144.50 ,$1.70 ,$89.29 
19537,34,0,34,$4.25 ,0.00%,0.00%,$114.02 ,$144.50 ,$4.25 ,$30.48 
22199,18,0,18,$8.00 ,0.00%,0.00%,$100.80 ,$144.00 ,$8.00 ,$43.20 
22231,14,0,14,$10.00 ,0.00%,0.00%,$46.00 ,$140.00 ,$10.00 ,$94.00 
21681,7,0,7,$20.00 ,0.00%,0.00%,$0.00 ,$140.00 ,$20.00 ,$140.00 
20712,230,76,306,$0.60 ,0.00%,10.00%,$0.00 ,$138.00 ,$0.45 ,$138.00 
7853,332,280,612,$0.48 ,10.00%,20.00%,$0.00 ,$136.12 ,$0.22 ,$136.12 
16191,15,0,15,$9.00 ,0.00%,0.00%,$57.60 ,$135.00 ,$9.00 ,$77.40 
16560,9,0,9,$10.00 ,-50.00%,0.00%,$94.50 ,$135.00 ,$15.00 ,$40.50 
18156,77,0,77,$1.75 ,0.00%,0.00%,$67.50 ,$134.75 ,$1.75 ,$67.25 
15085,88,0,88,$1.50 ,0.00%,0.00%,$111.00 ,$132.00 ,$1.50 ,$21.00 
17881,26,0,26,$5.00 ,0.00%,0.00%,$42.50 ,$130.00 ,$5.00 ,$87.50 
19746,20,0,20,$6.50 ,0.00%,0.00%,$55.25 ,$130.00 ,$6.50 ,$74.75 
7806,643,460,"1,103",$0.20 ,15.00%,0.00%,$0.00 ,$128.60 ,$0.12 ,$128.60 
21600,4,0,4,$32.00 ,0.00%,0.00%,$0.00 ,$128.00 ,$32.00 ,$128.00 
22151,5,0,5,$25.00 ,0.00%,0.00%,$0.00 ,$125.00 ,$25.00 ,$125.00 
18999,13,0,13,$9.00 ,-4.00%,0.00%,$92.50 ,$121.68 ,$9.36 ,$29.18 
21384,81,0,81,$1.50 ,0.00%,0.00%,$58.54 ,$121.50 ,$1.50 ,$62.96 
21061,69,0,69,$1.75 ,0.00%,0.00%,$61.27 ,$120.75 ,$1.75 ,$59.48 
18806,20,0,20,$6.00 ,0.00%,0.00%,$36.00 ,$120.00 ,$6.00 ,$84.00 
20824,12,0,12,$10.00 ,0.00%,0.00%,$110.00 ,$120.00 ,$10.00 ,$10.00 
19846,10,0,10,$12.00 ,0.00%,0.00%,$120.00 ,$120.00 ,$12.00 ,$0.00 
21683,6,0,6,$20.00 ,0.00%,0.00%,$0.00 ,$120.00 ,$20.00 ,$120.00 
21350,25,0,25,$5.00 ,5.00%,0.00%,$98.28 ,$118.75 ,$4.75 ,$20.47 
22192,59,0,59,$2.00 ,0.00%,0.00%,$43.50 ,$118.00 ,$2.00 ,$74.50 
20995,168,388,556,$0.70 ,0.00%,10.00%,$0.00 ,$117.60 ,$0.21 ,$117.60 
22103,20,0,20,$5.75 ,0.00%,0.00%,$80.60 ,$115.00 ,$5.75 ,$34.40 
18516,9,0,9,$12.00 ,-3.00%,0.00%,$22.87 ,$111.24 ,$12.36 ,$88.37 
20509,11,0,11,$10.00 ,-0.50%,0.00%,$77.44 ,$110.55 ,$10.05 ,$33.11 
20907,87,0,87,$1.25 ,0.00%,0.00%,$0.00 ,$108.75 ,$1.25 ,$108.75 
11626,"3,617",7,"3,624",$0.03 ,0.00%,0.00%,$72.34 ,$108.51 ,$0.03 ,$36.17 
19728,39,0,39,$2.75 ,0.00%,0.00%,$45.09 ,$107.25 ,$2.75 ,$62.16 
21787,71,0,71,$1.50 ,0.00%,0.00%,$0.00 ,$106.50 ,$1.50 ,$106.50 
18722,121,0,121,$0.90 ,3.50%,0.00%,$3.70 ,$105.27 ,$0.87 ,$101.57 
16918,32,0,32,$3.25 ,0.00%,0.00%,$27.31 ,$104.00 ,$3.25 ,$76.69 
21302,27,0,27,$2.85 ,-35.00%,0.00%,$31.59 ,$103.95 ,$3.85 ,$72.36 
21134,17,0,17,$6.00 ,0.00%,0.00%,$71.40 ,$102.00 ,$6.00 ,$30.60 
22269,29,0,29,$3.50 ,0.00%,0.00%,$49.53 ,$101.50 ,$3.50 ,$51.97 
22167,235,371,606,$0.48 ,10.00%,10.00%,$0.00 ,$101.05 ,$0.17 ,$101.05 
21321,40,0,40,$2.50 ,0.00%,0.00%,$26.39 ,$100.00 ,$2.50 ,$73.61 
21124,25,0,25,$4.00 ,0.00%,0.00%,$70.00 ,$100.00 ,$4.00 ,$30.00 
20588,8,0,8,$12.50 ,0.00%,0.00%,$100.00 ,$100.00 ,$12.50 ,$0.00 
21780,5,0,5,$20.00 ,0.00%,0.00%,$0.00 ,$100.00 ,$20.00 ,$100.00 
22229,33,0,33,$3.00 ,0.00%,0.00%,$74.70 ,$99.00 ,$3.00 ,$24.30 
20470,18,0,18,$5.50 ,0.00%,0.00%,$5.50 ,$99.00 ,$5.50 ,$93.50 
21606,13,0,13,$7.50 ,0.00%,0.00%,$68.25 ,$97.50 ,$7.50 ,$29.25 
18512,782,0,782,$0.25 ,52.00%,10.00%,$0.00 ,$93.84 ,$0.12 ,$93.84 
21442,17,0,17,$5.50 ,0.00%,0.00%,$61.91 ,$93.50 ,$5.50 ,$31.59 
21995,31,0,31,$3.00 ,0.00%,0.00%,$57.60 ,$93.00 ,$3.00 ,$35.40 
16007,150,166,316,$0.94 ,35.00%,0.00%,$141.00 ,$91.50 ,$0.29 ,($49.50)
21843,61,0,61,$1.50 ,0.00%,0.00%,$0.00 ,$91.50 ,$1.50 ,$91.50 
20539,300,216,516,$0.50 ,40.00%,10.00%,$150.00 ,$90.00 ,$0.17 ,($60.00)
18706,18,0,18,$5.00 ,0.00%,0.00%,$9.50 ,$90.00 ,$5.00 ,$80.50 
18422,5,0,5,$10.00 ,-80.00%,0.00%,$63.00 ,$90.00 ,$18.00 ,$27.00 
16690,316,423,739,$0.30 ,25.00%,15.00%,$15.90 ,$89.84 ,$0.12 ,$73.94 
21137,424,343,767,$0.30 ,10.00%,10.00%,$1.50 ,$89.04 ,$0.12 ,$87.54 
20008,59,0,59,$1.50 ,0.00%,0.00%,$30.15 ,$88.50 ,$1.50 ,$58.35 
22107,11,0,11,$8.00 ,0.00%,0.00%,$59.20 ,$88.00 ,$8.00 ,$28.80 
19659,3,0,3,$35.00 ,18.00%,0.00%,$56.53 ,$86.10 ,$28.70 ,$29.57 
22291,38,0,38,$2.25 ,0.00%,0.00%,$25.68 ,$85.50 ,$2.25 ,$59.82 
19498,17,0,17,$5.00 ,0.00%,0.00%,$10.50 ,$85.00 ,$5.00 ,$74.50 
22216,17,0,17,$5.00 ,0.00%,0.00%,$59.50 ,$85.00 ,$5.00 ,$25.50 
22239,17,0,17,$5.00 ,0.00%,0.00%,$17.50 ,$85.00 ,$5.00 ,$67.50 
16559,5,0,5,$10.00 ,-70.00%,0.00%,$59.50 ,$85.00 ,$17.00 ,$25.50 
20319,22,0,22,$3.75 ,0.00%,0.00%,$22.48 ,$82.50 ,$3.75 ,$60.02 
21991,9,0,9,$9.00 ,0.00%,0.00%,$33.75 ,$81.00 ,$9.00 ,$47.25 
18302,3,0,3,$27.00 ,0.00%,0.00%,$45.90 ,$81.00 ,$27.00 ,$35.10 
15654,8,0,8,$10.00 ,0.00%,0.00%,$60.00 ,$80.00 ,$10.00 ,$20.00 
21271,8,0,8,$10.00 ,0.00%,0.00%,$37.50 ,$80.00 ,$10.00 ,$42.50 
19339,12,0,12,$5.00 ,-34.00%,0.00%,$56.60 ,$79.95 ,$6.66 ,$23.35 
18268,440,240,680,$0.25 ,30.00%,0.00%,$0.00 ,$79.20 ,$0.12 ,$79.20 
18467,13,0,13,$6.00 ,0.00%,0.00%,$0.00 ,$78.00 ,$6.00 ,$78.00 
20063,225,133,358,$0.42 ,18.00%,10.00%,$94.50 ,$76.50 ,$0.21 ,($18.00)
16280,542,413,955,$0.16 ,10.00%,10.00%,$86.72 ,$75.88 ,$0.08 ,($10.84)
21943,50,0,50,$1.50 ,0.00%,0.00%,$54.15 ,$75.00 ,$1.50 ,$20.85 
18273,4,0,4,$20.00 ,9.00%,0.00%,$0.00 ,$72.80 ,$18.20 ,$72.80 
19638,16,0,16,$4.50 ,0.00%,0.00%,$34.67 ,$72.00 ,$4.50 ,$37.33 
18690,12,0,12,$6.00 ,0.00%,0.00%,$52.20 ,$72.00 ,$6.00 ,$19.80 
21747,12,0,12,$6.00 ,0.00%,0.00%,$48.00 ,$72.00 ,$6.00 ,$24.00 
17879,11,0,11,$6.50 ,0.00%,0.00%,$0.00 ,$71.50 ,$6.50 ,$71.50 
22180,27,0,27,$2.60 ,0.00%,0.00%,$29.51 ,$70.20 ,$2.60 ,$40.69 
14180,"7,000",845,"7,845",$0.04 ,0.00%,0.00%,$0.00 ,$70.00 ,$0.01 ,$70.00 
18411,5,0,5,$14.00 ,0.00%,0.00%,$28.00 ,$70.00 ,$14.00 ,$42.00 
18755,21,0,21,$3.25 ,0.00%,0.00%,$47.88 ,$68.25 ,$3.25 ,$20.37 
19810,16,0,16,$4.25 ,0.00%,0.00%,$55.30 ,$68.00 ,$4.25 ,$12.70 
22265,104,61,165,$0.65 ,0.00%,10.00%,$0.00 ,$67.60 ,$0.41 ,$67.60 
21133,14,0,14,$5.00 ,5.00%,0.00%,$46.62 ,$66.50 ,$4.75 ,$19.88 
21902,33,0,33,$2.00 ,0.00%,0.00%,$49.20 ,$66.00 ,$2.00 ,$16.80 
21365,12,0,12,$5.50 ,0.00%,0.00%,$14.85 ,$66.00 ,$5.50 ,$51.15 
17615,34,0,34,$2.60 ,27.00%,0.00%,$45.22 ,$64.60 ,$1.90 ,$19.38 
16267,8,0,8,$8.00 ,0.00%,0.00%,$0.00 ,$64.00 ,$8.00 ,$64.00 
18587,8,0,8,$8.00 ,0.00%,0.00%,$43.60 ,$64.00 ,$8.00 ,$20.40 
22139,18,0,18,$3.50 ,0.00%,0.00%,$17.34 ,$63.00 ,$3.50 ,$45.66 
19471,3,0,3,$20.00 ,-2.20%,0.00%,$42.93 ,$61.32 ,$20.44 ,$18.39 
16372,548,"1,003","1,551",$0.12 ,10.00%,10.00%,$65.76 ,$60.28 ,$0.04 ,($5.48)
17437,"3,000",256,"3,256",$0.02 ,0.00%,10.00%,$0.00 ,$60.00 ,$0.02 ,$60.00 
20693,15,0,15,$4.00 ,0.00%,0.00%,$33.80 ,$60.00 ,$4.00 ,$26.20 
13634,5,0,5,$10.00 ,-20.00%,0.00%,$46.80 ,$60.00 ,$12.00 ,$13.20 
21475,6,0,6,$10.00 ,0.00%,0.00%,$30.00 ,$60.00 ,$10.00 ,$30.00 
19762,4,0,4,$15.00 ,0.00%,0.00%,$12.75 ,$60.00 ,$15.00 ,$47.25 
21002,4,0,4,$15.00 ,0.00%,0.00%,$0.00 ,$60.00 ,$15.00 ,$60.00 
19523,18,0,18,$3.25 ,0.00%,0.00%,$11.38 ,$58.50 ,$3.25 ,$47.12 
21297,167,117,284,$0.35 ,0.00%,10.00%,$0.00 ,$58.45 ,$0.21 ,$58.45 
21430,4,0,4,$14.50 ,0.00%,0.00%,$40.60 ,$58.00 ,$14.50 ,$17.40 
21812,38,0,38,$1.50 ,0.00%,0.00%,$39.90 ,$57.00 ,$1.50 ,$17.10 
21210,56,0,56,$1.00 ,0.00%,0.00%,$0.00 ,$56.00 ,$1.00 ,$56.00 
14634,4,0,4,$14.00 ,0.00%,0.00%,$49.00 ,$56.00 ,$14.00 ,$7.00 
18410,4,0,4,$14.00 ,0.00%,0.00%,$49.00 ,$56.00 ,$14.00 ,$7.00 
20782,2,0,2,$28.00 ,0.00%,0.00%,$0.00 ,$56.00 ,$28.00 ,$56.00 
16744,13,0,13,$4.25 ,0.00%,0.00%,$38.74 ,$55.25 ,$4.25 ,$16.51 
18707,11,0,11,$5.00 ,0.00%,0.00%,$18.75 ,$55.00 ,$5.00 ,$36.25 
19453,5,0,5,$11.00 ,0.00%,0.00%,$0.00 ,$55.00 ,$11.00 ,$55.00 
19158,3,0,3,$17.50 ,-2.15%,0.00%,$47.52 ,$53.64 ,$17.88 ,$6.12 
21650,30,0,30,$1.75 ,0.00%,0.00%,$26.85 ,$52.50 ,$1.75 ,$25.65 
19859,7,0,7,$7.00 ,-4.00%,0.00%,$39.50 ,$50.96 ,$7.28 ,$11.46 
21897,140,73,213,$0.40 ,10.00%,10.00%,$35.00 ,$50.40 ,$0.24 ,$15.40 
21289,67,37,104,$0.77 ,2.00%,10.00%,$0.00 ,$50.25 ,$0.48 ,$50.25 
19049,10,0,10,$5.00 ,0.00%,0.00%,$41.00 ,$50.00 ,$5.00 ,$9.00 
21708,33,0,33,$1.50 ,0.00%,0.00%,$34.65 ,$49.50 ,$1.50 ,$14.85 
21986,9,0,9,$5.50 ,0.00%,0.00%,$15.13 ,$49.50 ,$5.50 ,$34.37 
20081,7,0,7,$7.00 ,0.00%,0.00%,$38.50 ,$49.00 ,$7.00 ,$10.50 
16972,13,0,13,$3.10 ,-20.00%,0.00%,$33.80 ,$48.36 ,$3.72 ,$14.56 
16244,3,0,3,$16.00 ,0.00%,0.00%,$33.60 ,$48.00 ,$16.00 ,$14.40 
18098,3,0,3,$16.00 ,0.00%,0.00%,$33.60 ,$48.00 ,$16.00 ,$14.40 
18515,3,0,3,$16.00 ,0.00%,0.00%,$0.00 ,$48.00 ,$16.00 ,$48.00 
19623,10,0,10,$3.20 ,-46.00%,0.00%,$32.42 ,$46.70 ,$4.67 ,$14.28 
19714,68,39,107,$0.75 ,10.00%,10.00%,$0.00 ,$46.24 ,$0.43 ,$46.24 
22319,27,0,27,$1.70 ,0.00%,0.00%,$33.84 ,$45.90 ,$1.70 ,$12.06 
13805,"1,500",631,"2,131",$0.10 ,0.00%,0.00%,$9.40 ,$45.00 ,$0.02 ,$35.60 
19441,10,0,10,$4.50 ,0.00%,0.00%,$31.50 ,$45.00 ,$4.50 ,$13.50 
21224,22,0,22,$2.00 ,0.00%,0.00%,$30.80 ,$44.00 ,$2.00 ,$13.20 
21034,8,0,8,$5.34 ,0.00%,0.00%,$29.92 ,$42.72 ,$5.34 ,$12.80 
22305,3,0,3,$14.00 ,0.00%,0.00%,$0.00 ,$42.00 ,$14.00 ,$42.00 
16643,2,0,2,$19.50 ,-5.30%,0.00%,$33.87 ,$41.06 ,$20.53 ,$7.19 
12731,"2,000",289,"2,289",$0.15 ,0.00%,0.00%,$20.55 ,$40.00 ,$0.02 ,$19.45 
14564,16,0,16,$2.50 ,0.00%,0.00%,$9.65 ,$40.00 ,$2.50 ,$30.35 
20692,8,0,8,$5.00 ,0.00%,0.00%,$35.00 ,$40.00 ,$5.00 ,$5.00 
22295,4,0,4,$10.00 ,0.00%,0.00%,$10.00 ,$40.00 ,$10.00 ,$30.00 
21783,2,0,2,$20.00 ,0.00%,0.00%,$0.00 ,$40.00 ,$20.00 ,$40.00 
21822,2,0,2,$20.00 ,0.00%,0.00%,$0.00 ,$40.00 ,$20.00 ,$40.00 
22048,2,0,2,$20.00 ,0.00%,0.00%,$0.00 ,$40.00 ,$20.00 ,$40.00 
22049,2,0,2,$20.00 ,0.00%,0.00%,$0.00 ,$40.00 ,$20.00 ,$40.00 
19820,105,94,199,$0.45 ,15.00%,10.00%,$47.25 ,$39.90 ,$0.20 ,($7.35)
22266,10,0,10,$3.90 ,0.00%,0.00%,$26.33 ,$39.00 ,$3.90 ,$12.67 
18544,22,0,22,$1.75 ,0.00%,0.00%,$14.08 ,$38.50 ,$1.75 ,$24.42 
18412,2,0,2,$10.00 ,-90.00%,0.00%,$26.60 ,$38.00 ,$19.00 ,$11.40 
13730,"3,783",0,"3,783",$0.07 ,90.00%,79.00%,$41.93 ,$37.83 ,$0.01 ,($4.10)
17827,6,0,6,$6.00 ,-4.00%,0.00%,$31.11 ,$37.44 ,$6.24 ,$6.33 
22179,"3,742",0,"3,742",$0.01 ,0.00%,10.00%,$0.00 ,$37.42 ,$0.01 ,$37.42 
19673,8,0,8,$3.20 ,-46.00%,0.00%,$26.09 ,$37.36 ,$4.67 ,$11.27 
21322,20,0,20,$1.85 ,0.00%,0.00%,$0.00 ,$37.00 ,$1.85 ,$37.00 
14667,"3,635",710,"4,345",$0.00 ,0.00%,0.00%,$0.00 ,$36.35 ,$0.01 ,$36.35 
22009,24,0,24,$1.50 ,0.00%,0.00%,$21.56 ,$36.00 ,$1.50 ,$14.44 
19220,3,0,3,$12.00 ,0.00%,0.00%,$25.20 ,$36.00 ,$12.00 ,$10.80 
18942,2,0,2,$20.00 ,10.50%,0.00%,$40.00 ,$35.80 ,$17.90 ,($4.20)
21770,7,0,7,$5.00 ,0.00%,0.00%,$29.00 ,$35.00 ,$5.00 ,$6.00 
22255,17,0,17,$2.00 ,0.00%,0.00%,$23.80 ,$34.00 ,$2.00 ,$10.20 
14020,2,0,2,$17.00 ,0.00%,0.00%,$34.00 ,$34.00 ,$17.00 ,$0.00 
17970,67,130,197,$0.50 ,0.00%,0.00%,$33.50 ,$33.50 ,$0.17 ,$0.00 
16957,11,0,11,$2.25 ,-34.00%,0.00%,$23.65 ,$33.01 ,$3.00 ,$9.36 
21008,22,0,22,$1.50 ,0.00%,0.00%,$15.09 ,$33.00 ,$1.50 ,$17.91 
21758,16,0,16,$2.00 ,0.00%,0.00%,$7.60 ,$32.00 ,$2.00 ,$24.40 
19050,8,0,8,$4.00 ,0.00%,0.00%,$3.40 ,$32.00 ,$4.00 ,$28.60 
17874,2,0,2,$16.00 ,0.00%,0.00%,$32.00 ,$32.00 ,$16.00 ,$0.00 
17875,2,0,2,$16.00 ,0.00%,0.00%,$22.40 ,$32.00 ,$16.00 ,$9.60 
21488,17,0,17,$1.85 ,0.00%,0.00%,$0.00 ,$31.45 ,$1.85 ,$31.45 
16441,5,0,5,$6.00 ,0.00%,0.00%,$0.00 ,$30.00 ,$6.00 ,$30.00 
21275,3,0,3,$10.00 ,0.00%,0.00%,$21.00 ,$30.00 ,$10.00 ,$9.00 
18761,2,0,2,$15.00 ,0.00%,0.00%,$11.25 ,$30.00 ,$15.00 ,$18.75 
18568,9,0,9,$3.00 ,-7.00%,0.00%,$20.25 ,$28.89 ,$3.21 ,$8.64 
13919,118,73,191,$0.35 ,13.00%,10.00%,$0.00 ,$28.39 ,$0.15 ,$28.39 
18319,8,0,8,$3.50 ,0.00%,0.00%,$17.50 ,$28.00 ,$3.50 ,$10.50 
16326,2,0,2,$14.00 ,0.00%,0.00%,$14.00 ,$28.00 ,$14.00 ,$14.00 
17232,2,0,2,$20.00 ,30.50%,0.00%,$19.46 ,$27.80 ,$13.90 ,$8.34 
22283,9,0,9,$3.00 ,0.00%,0.00%,$2.55 ,$27.00 ,$3.00 ,$24.45 
22312,4,0,4,$6.75 ,0.00%,0.00%,$24.98 ,$27.00 ,$6.75 ,$2.02 
21677,13,0,13,$2.00 ,0.00%,0.00%,$19.40 ,$26.00 ,$2.00 ,$6.60 
21905,13,0,13,$2.00 ,0.00%,0.00%,$18.20 ,$26.00 ,$2.00 ,$7.80 
20789,11,0,11,$2.00 ,-16.00%,0.00%,$17.82 ,$25.52 ,$2.32 ,$7.70 
20481,17,0,17,$1.50 ,0.00%,0.00%,$6.00 ,$25.50 ,$1.50 ,$19.50 
20045,"1,266",182,"1,448",$0.13 ,85.00%,10.00%,$164.58 ,$25.32 ,$0.02 ,($139.26)
18353,1,0,1,$35.00 ,28.50%,0.00%,$17.52 ,$25.03 ,$25.03 ,$7.51 
21804,14,0,14,$1.75 ,0.00%,0.00%,$17.22 ,$24.50 ,$1.75 ,$7.28 
22154,22,0,22,$1.10 ,0.00%,0.00%,$0.00 ,$24.20 ,$1.10 ,$24.20 
18331,6,0,6,$1.00 ,-300.00%,0.00%,$6.40 ,$24.00 ,$4.00 ,$17.60 
21443,8,0,8,$3.00 ,0.00%,0.00%,$3.00 ,$24.00 ,$3.00 ,$21.00 
20192,6,0,6,$4.00 ,0.00%,0.00%,$6.00 ,$24.00 ,$4.00 ,$18.00 
21550,4,0,4,$6.00 ,0.00%,0.00%,$3.60 ,$24.00 ,$6.00 ,$20.40 
17060,3,0,3,$8.00 ,0.00%,0.00%,$6.00 ,$24.00 ,$8.00 ,$18.00 
17944,3,0,3,$8.00 ,0.00%,0.00%,$22.00 ,$24.00 ,$8.00 ,$2.00 
21164,3,0,3,$8.00 ,0.00%,0.00%,$19.20 ,$24.00 ,$8.00 ,$4.80 
16278,2,0,2,$11.50 ,0.00%,0.00%,$16.10 ,$23.00 ,$11.50 ,$6.90 
18668,2,0,2,$11.50 ,0.00%,0.00%,$16.10 ,$23.00 ,$11.50 ,$6.90 
21701,13,0,13,$1.75 ,0.00%,0.00%,$15.99 ,$22.75 ,$1.75 ,$6.76 
22059,13,0,13,$1.75 ,0.00%,0.00%,$19.11 ,$22.75 ,$1.75 ,$3.64 
21702,15,0,15,$1.50 ,0.00%,0.00%,$15.75 ,$22.50 ,$1.50 ,$6.75 
19372,11,0,11,$2.60 ,22.00%,0.00%,$3.04 ,$22.33 ,$2.03 ,$19.29 
22155,11,0,11,$2.00 ,0.00%,0.00%,$0.00 ,$22.00 ,$2.00 ,$22.00 
20064,14,0,14,$1.50 ,0.00%,0.00%,$12.00 ,$21.00 ,$1.50 ,$9.00 
18425,6,0,6,$3.50 ,0.00%,0.00%,$3.50 ,$21.00 ,$3.50 ,$17.50 
22292,12,0,12,$1.70 ,0.00%,0.00%,$8.50 ,$20.40 ,$1.70 ,$11.90 
18370,4,0,4,$5.00 ,0.00%,0.00%,$14.00 ,$20.00 ,$5.00 ,$6.00 
21819,1,0,1,$20.00 ,0.00%,0.00%,$0.00 ,$20.00 ,$20.00 ,$20.00 
2644,222,13,235,$0.10 ,9.00%,0.00%,$0.00 ,$19.98 ,$0.09 ,$19.98 
21543,13,0,13,$1.50 ,0.00%,0.00%,$8.63 ,$19.50 ,$1.50 ,$10.87 
21651,13,0,13,$1.50 ,0.00%,0.00%,$0.00 ,$19.50 ,$1.50 ,$19.50 
21706,13,0,13,$1.50 ,0.00%,0.00%,$13.65 ,$19.50 ,$1.50 ,$5.85 
21813,13,0,13,$1.50 ,0.00%,0.00%,$13.65 ,$19.50 ,$1.50 ,$5.85 
18562,1,0,1,$20.00 ,3.30%,0.00%,$20.00 ,$19.34 ,$19.34 ,($0.66)
21559,11,0,11,$1.75 ,0.00%,0.00%,$13.53 ,$19.25 ,$1.75 ,$5.72 
20545,4,0,4,$4.75 ,0.00%,0.00%,$11.87 ,$19.00 ,$4.75 ,$7.13 
21984,8,0,8,$2.30 ,0.00%,0.00%,$13.57 ,$18.40 ,$2.30 ,$4.83 
21809,12,0,12,$1.50 ,0.00%,0.00%,$12.60 ,$18.00 ,$1.50 ,$5.40 
17980,3,0,3,$6.00 ,0.00%,0.00%,$14.10 ,$18.00 ,$6.00 ,$3.90 
22113,38,22,60,$0.55 ,15.00%,10.00%,$0.00 ,$17.86 ,$0.30 ,$17.86 
19980,883,49,932,$0.02 ,0.00%,10.00%,$8.83 ,$17.66 ,$0.02 ,$8.83 
18968,7,0,7,$2.50 ,0.00%,0.00%,$13.75 ,$17.50 ,$2.50 ,$3.75 
21417,7,0,7,$2.50 ,0.00%,0.00%,$10.00 ,$17.50 ,$2.50 ,$7.50 
19536,4,0,4,$4.25 ,0.00%,0.00%,$11.92 ,$17.00 ,$4.25 ,$5.08 
21808,11,0,11,$1.50 ,0.00%,0.00%,$11.55 ,$16.50 ,$1.50 ,$4.95 
18032,6,0,6,$2.75 ,0.00%,0.00%,$15.95 ,$16.50 ,$2.75 ,$0.55 
19744,15,13,28,$1.07 ,0.00%,10.00%,$16.05 ,$16.05 ,$0.57 ,$0.00 
22027,8,0,8,$2.00 ,0.00%,0.00%,$2.00 ,$16.00 ,$2.00 ,$14.00 
22257,8,0,8,$2.00 ,0.00%,0.00%,$12.40 ,$16.00 ,$2.00 ,$3.60 
18517,2,0,2,$8.00 ,0.00%,0.00%,$10.80 ,$16.00 ,$8.00 ,$5.20 
22044,2,0,2,$8.00 ,0.00%,0.00%,$0.00 ,$16.00 ,$8.00 ,$16.00 
21817,4,0,4,$10.00 ,60.00%,99.00%,$40.00 ,$16.00 ,$4.00 ,($24.00)
16358,1,0,1,$16.00 ,0.00%,0.00%,$11.20 ,$16.00 ,$16.00 ,$4.80 
17872,1,0,1,$16.00 ,0.00%,0.00%,$11.20 ,$16.00 ,$16.00 ,$4.80 
18518,1,0,1,$16.00 ,0.00%,0.00%,$13.60 ,$16.00 ,$16.00 ,$2.40 
15826,2,0,2,$8.00 ,3.00%,0.00%,$16.00 ,$15.52 ,$7.76 ,($0.48)
21343,45,0,45,$0.34 ,0.00%,0.00%,$0.00 ,$15.30 ,$0.34 ,$15.30 
21987,5,0,5,$3.00 ,0.00%,0.00%,$13.50 ,$15.00 ,$3.00 ,$1.50 
21816,15,0,15,$10.00 ,90.00%,0.00%,$42.40 ,$15.00 ,$1.00 ,($27.40)
19123,1,0,1,$15.00 ,0.00%,0.00%,$10.50 ,$15.00 ,$15.00 ,$4.50 
19410,1,0,1,$15.00 ,0.00%,0.00%,$0.00 ,$15.00 ,$15.00 ,$15.00 
22053,1,0,1,$14.50 ,0.00%,0.00%,$0.00 ,$14.50 ,$14.50 ,$14.50 
20604,8,0,8,$1.80 ,0.00%,0.00%,$3.06 ,$14.40 ,$1.80 ,$11.34 
20498,8,0,8,$1.75 ,0.00%,0.00%,$7.71 ,$14.00 ,$1.75 ,$6.29 
18756,7,0,7,$2.00 ,0.00%,0.00%,$9.80 ,$14.00 ,$2.00 ,$4.20 
20566,7,0,7,$2.00 ,0.00%,0.00%,$6.50 ,$14.00 ,$2.00 ,$7.50 
16183,150,29,179,$0.27 ,10.00%,10.00%,$40.50 ,$13.50 ,$0.08 ,($27.00)
20414,9,0,9,$1.50 ,0.00%,0.00%,$8.18 ,$13.50 ,$1.50 ,$5.32 
21490,22,0,22,$0.61 ,0.00%,0.00%,$0.00 ,$13.42 ,$0.61 ,$13.42 
18086,7,0,7,$1.90 ,0.00%,0.00%,$9.31 ,$13.30 ,$1.90 ,$3.99 
15993,2,0,2,$6.50 ,0.00%,0.00%,$9.10 ,$13.00 ,$6.50 ,$3.90 
21441,2,0,2,$6.50 ,0.00%,0.00%,$13.00 ,$13.00 ,$6.50 ,$0.00 
21299,1,0,1,$215.00 ,94.00%,0.00%,$10.97 ,$12.90 ,$12.90 ,$1.93 
19539,3,0,3,$4.25 ,0.00%,0.00%,$8.94 ,$12.75 ,$4.25 ,$3.81 
21342,24,0,24,$0.53 ,0.00%,0.00%,$0.00 ,$12.72 ,$0.53 ,$12.72 
18606,4,0,4,$3.00 ,0.00%,0.00%,$0.00 ,$12.00 ,$3.00 ,$12.00 
22168,4,0,4,$3.00 ,0.00%,0.00%,$9.00 ,$12.00 ,$3.00 ,$3.00 
20554,3,0,3,$4.00 ,0.00%,0.00%,$6.80 ,$12.00 ,$4.00 ,$5.20 
19219,1,0,1,$12.00 ,0.00%,0.00%,$8.40 ,$12.00 ,$12.00 ,$3.60 
21340,54,0,54,$0.22 ,0.00%,0.00%,$0.00 ,$11.88 ,$0.22 ,$11.88 
16250,191,125,316,$0.18 ,65.00%,15.00%,$34.38 ,$11.46 ,$0.04 ,($22.92)
17965,281,870,"1,151",$0.08 ,55.00%,55.00%,$0.00 ,$11.24 ,$0.01 ,$11.24 
18878,5,0,5,$2.20 ,0.00%,0.00%,$7.70 ,$11.00 ,$2.20 ,$3.30 
21619,2,0,2,$5.50 ,0.00%,0.00%,$11.00 ,$11.00 ,$5.50 ,$0.00 
21557,7,0,7,$1.50 ,0.00%,0.00%,$7.35 ,$10.50 ,$1.50 ,$3.15 
21640,3,0,3,$3.50 ,0.00%,0.00%,$0.00 ,$10.50 ,$3.50 ,$10.50 
22197,21,0,21,$5.00 ,90.00%,0.00%,$21.84 ,$10.50 ,$0.50 ,($11.34)
21307,5,0,5,$2.00 ,0.00%,0.00%,$0.00 ,$10.00 ,$2.00 ,$10.00 
21828,5,0,5,$2.00 ,0.00%,0.00%,$7.00 ,$10.00 ,$2.00 ,$3.00 
18574,1,0,1,$10.00 ,0.00%,0.00%,$0.00 ,$10.00 ,$10.00 ,$10.00 
20681,1,0,1,$10.00 ,0.00%,0.00%,$6.00 ,$10.00 ,$10.00 ,$4.00 
20761,1,0,1,$10.00 ,0.00%,0.00%,$0.00 ,$10.00 ,$10.00 ,$10.00 
21272,1,0,1,$10.00 ,0.00%,0.00%,$7.00 ,$10.00 ,$10.00 ,$3.00 
11661,1,0,1,$10.00 ,3.00%,0.00%,$10.00 ,$9.70 ,$9.70 ,($0.30)
14402,1,0,1,$9.50 ,5.00%,0.00%,$9.50 ,$9.03 ,$9.03 ,($0.47)
19095,6,0,6,$1.50 ,0.00%,0.00%,$2.10 ,$9.00 ,$1.50 ,$6.90 
12386,3,0,3,$3.00 ,0.00%,0.00%,$7.20 ,$9.00 ,$3.00 ,$1.80 
19454,1,0,1,$9.00 ,0.00%,0.00%,$0.00 ,$9.00 ,$9.00 ,$9.00 
22112,1,0,1,$10.00 ,10.00%,0.00%,$6.75 ,$9.00 ,$9.00 ,$2.25 
21989,5,0,5,$1.75 ,0.00%,0.00%,$6.15 ,$8.75 ,$1.75 ,$2.60 
22010,5,0,5,$1.75 ,0.00%,0.00%,$6.15 ,$8.75 ,$1.75 ,$2.60 
19834,2,0,2,$4.37 ,0.00%,0.00%,$0.00 ,$8.74 ,$4.37 ,$8.74 
13035,870,3,873,$0.05 ,0.00%,0.00%,$0.00 ,$8.70 ,$0.01 ,$8.70 
19578,4,0,4,$2.10 ,0.00%,0.00%,$3.16 ,$8.40 ,$2.10 ,$5.24 
21479,2,0,2,$4.20 ,0.00%,0.00%,$5.88 ,$8.40 ,$4.20 ,$2.52 
18899,4,0,4,$2.00 ,0.00%,0.00%,$1.70 ,$8.00 ,$2.00 ,$6.30 
21678,4,0,4,$2.00 ,0.00%,0.00%,$5.60 ,$8.00 ,$2.00 ,$2.40 
22320,2,0,2,$4.00 ,0.00%,0.00%,$8.00 ,$8.00 ,$4.00 ,$0.00 
13475,1,0,1,$8.00 ,1.00%,0.00%,$5.94 ,$7.92 ,$7.92 ,$1.98 
18446,4,0,4,$3.00 ,35.00%,0.00%,$5.48 ,$7.80 ,$1.95 ,$2.32 
21712,5,0,5,$1.50 ,0.00%,0.00%,$5.25 ,$7.50 ,$1.50 ,$2.25 
19508,3,0,3,$2.50 ,0.00%,0.00%,$5.00 ,$7.50 ,$2.50 ,$2.50 
19858,1,0,1,$7.00 ,-4.50%,0.00%,$5.12 ,$7.32 ,$7.32 ,$2.20 
21424,22,0,22,$0.33 ,0.00%,0.00%,$0.00 ,$7.26 ,$0.33 ,$7.26 
21338,55,0,55,$0.13 ,0.00%,0.00%,$0.00 ,$7.15 ,$0.13 ,$7.15 
16924,4,0,4,$1.75 ,0.00%,0.00%,$2.46 ,$7.00 ,$1.75 ,$4.54 
22310,2,0,2,$3.50 ,0.00%,0.00%,$7.00 ,$7.00 ,$3.50 ,$0.00 
20784,7,0,7,$0.95 ,0.00%,0.00%,$0.00 ,$6.65 ,$0.95 ,$6.65 
21263,1,0,1,$6.50 ,0.00%,0.00%,$0.00 ,$6.50 ,$6.50 ,$6.50 
19929,4,0,4,$1.50 ,0.00%,0.00%,$4.20 ,$6.00 ,$1.50 ,$1.80 
21317,4,0,4,$1.50 ,0.00%,0.00%,$3.00 ,$6.00 ,$1.50 ,$3.00 
19431,3,0,3,$2.00 ,0.00%,0.00%,$3.50 ,$6.00 ,$2.00 ,$2.50 
22253,3,0,3,$2.00 ,0.00%,0.00%,$4.20 ,$6.00 ,$2.00 ,$1.80 
21814,2,0,2,$3.00 ,0.00%,0.00%,$6.00 ,$6.00 ,$3.00 ,$0.00 
20592,1,0,1,$6.00 ,0.00%,0.00%,$0.00 ,$6.00 ,$6.00 ,$6.00 
20776,6,0,6,$0.96 ,0.00%,0.00%,$0.00 ,$5.76 ,$0.96 ,$5.76 
22282,1,0,1,$5.50 ,0.00%,0.00%,$5.50 ,$5.50 ,$5.50 ,$0.00 
22082,2,0,2,$2.70 ,0.00%,0.00%,$5.40 ,$5.40 ,$2.70 ,$0.00 
21560,3,0,3,$1.75 ,0.00%,0.00%,$3.06 ,$5.25 ,$1.75 ,$2.19 
21586,1,0,1,$5.25 ,0.00%,0.00%,$4.46 ,$5.25 ,$5.25 ,$0.79 
21576,2,0,2,$2.50 ,0.00%,0.00%,$1.88 ,$5.00 ,$2.50 ,$3.12 
20543,1,0,1,$5.00 ,0.00%,0.00%,$0.00 ,$5.00 ,$5.00 ,$5.00 
22164,1,0,1,$5.00 ,0.00%,0.00%,$0.00 ,$5.00 ,$5.00 ,$5.00 
18006,3,0,3,$1.50 ,0.00%,0.00%,$1.28 ,$4.50 ,$1.50 ,$3.22 
21544,3,0,3,$1.50 ,0.00%,0.00%,$0.00 ,$4.50 ,$1.50 ,$4.50 
21705,3,0,3,$1.50 ,0.00%,0.00%,$3.15 ,$4.50 ,$1.50 ,$1.35 
21806,3,0,3,$1.50 ,0.00%,0.00%,$3.15 ,$4.50 ,$1.50 ,$1.35 
20083,1,0,1,$4.50 ,0.00%,0.00%,$3.15 ,$4.50 ,$4.50 ,$1.35 
12346,445,0,445,$0.04 ,0.00%,0.00%,$0.00 ,$4.45 ,$0.01 ,$4.45 
19083,4,0,4,$1.00 ,0.00%,0.00%,$0.00 ,$4.00 ,$1.00 ,$4.00 
19398,4,0,4,$1.00 ,0.00%,0.00%,$0.00 ,$4.00 ,$1.00 ,$4.00 
21824,2,0,2,$2.00 ,0.00%,0.00%,$2.80 ,$4.00 ,$2.00 ,$1.20 
22122,2,0,2,$2.00 ,0.00%,0.00%,$0.00 ,$4.00 ,$2.00 ,$4.00 
20780,24,0,24,$0.16 ,0.00%,0.00%,$0.00 ,$3.84 ,$0.16 ,$3.84 
18787,1,0,1,$2.60 ,-44.20%,0.00%,$2.60 ,$3.75 ,$3.75 ,$1.15 
21257,9,0,9,$0.40 ,0.00%,0.00%,$0.00 ,$3.60 ,$0.40 ,$3.60 
20550,1,0,1,$3.50 ,0.00%,0.00%,$0.00 ,$3.50 ,$3.50 ,$3.50 
20786,7,0,7,$0.45 ,0.00%,0.00%,$0.00 ,$3.15 ,$0.45 ,$3.15 
20734,6,0,6,$0.40 ,-30.00%,0.00%,$2.20 ,$3.12 ,$0.52 ,$0.92 
14858,2,0,2,$1.50 ,0.00%,0.00%,$2.10 ,$3.00 ,$1.50 ,$0.90 
20024,2,0,2,$1.50 ,0.00%,0.00%,$0.00 ,$3.00 ,$1.50 ,$3.00 
18620,1,0,1,$3.00 ,0.00%,0.00%,$2.10 ,$3.00 ,$3.00 ,$0.90 
21584,1,0,1,$3.00 ,0.00%,0.00%,$2.10 ,$3.00 ,$3.00 ,$0.90 
21996,1,0,1,$3.00 ,0.00%,0.00%,$3.00 ,$3.00 ,$3.00 ,$0.00 
22309,1,0,1,$3.00 ,0.00%,0.00%,$0.00 ,$3.00 ,$3.00 ,$3.00 
21552,1,0,1,$2.95 ,0.00%,0.00%,$2.21 ,$2.95 ,$2.95 ,$0.74 
18155,1,0,1,$2.90 ,0.00%,0.00%,$1.74 ,$2.90 ,$2.90 ,$1.16 
20766,5,0,5,$0.57 ,0.00%,0.00%,$0.00 ,$2.85 ,$0.57 ,$2.85 
22085,1,0,1,$2.80 ,0.00%,0.00%,$0.00 ,$2.80 ,$2.80 ,$2.80 
16783,9,0,9,$30.00 ,99.10%,0.00%,$0.00 ,$2.43 ,$0.27 ,$2.43 
21375,1,0,1,$2.00 ,0.00%,0.00%,$0.00 ,$2.00 ,$2.00 ,$2.00 
21413,1,0,1,$2.00 ,0.00%,0.00%,$2.00 ,$2.00 ,$2.00 ,$0.00 
22097,1,0,1,$2.00 ,0.00%,0.00%,$1.40 ,$2.00 ,$2.00 ,$0.60 
22177,1,0,1,$2.00 ,0.00%,0.00%,$1.40 ,$2.00 ,$2.00 ,$0.60 
22196,4,0,4,$5.00 ,90.00%,0.00%,$5.35 ,$2.00 ,$0.50 ,($3.35)
22170,181,0,181,$0.01 ,0.00%,10.00%,$0.00 ,$1.81 ,$0.01 ,$1.81 
20884,1,0,1,$1.75 ,0.00%,0.00%,$0.00 ,$1.75 ,$1.75 ,$1.75 
21649,1,0,1,$1.75 ,0.00%,0.00%,$0.00 ,$1.75 ,$1.75 ,$1.75 
21700,1,0,1,$1.50 ,0.00%,0.00%,$1.05 ,$1.50 ,$1.50 ,$0.45 
21728,5,0,5,$20.00 ,99.00%,0.00%,$0.55 ,$1.00 ,$0.20 ,$0.45 
21428,3,0,3,$0.33 ,0.00%,0.00%,$0.60 ,$0.99 ,$0.33 ,$0.39 
9089,62,0,62,$0.03 ,0.00%,0.00%,$0.00 ,$0.62 ,$0.01 ,$0.62 
22288,21,526,547,$0.01 ,0.00%,10.00%,$0.00 ,$0.21 ,$0.00 ,$0.21 
12099,"4,881",0,"4,881",$0.00 ,0.00%,0.00%,$0.00 ,$0.00 ,$0.00 ,$0.00 
13013,405,0,405,$0.00 ,0.00%,0.00%,$0.00 ,$0.00 ,$0.00 ,$0.00 
14905,"2,617",0,"2,617",$0.00 ,0.00%,0.00%,$0.00 ,$0.00 ,$0.00 ,$0.00 
15089,"1,298",4,"1,302",$0.00 ,0.00%,0.00%,$0.00 ,$0.00 ,$0.00 ,$0.00 
15522,3,0,3,$0.00 ,0.00%,0.00%,$0.00 ,$0.00 ,$0.00 ,$0.00 
15534,"2,638",0,"2,638",$0.00 ,0.00%,0.00%,$0.00 ,$0.00 ,$0.00 ,$0.00 
15544,1,0,1,$0.00 ,0.00%,0.00%,$0.00 ,$0.00 ,$0.00 ,$0.00 
15565,481,0,481,$0.00 ,0.00%,0.00%,$0.00 ,$0.00 ,$0.00 ,$0.00 
15566,381,10,391,$0.00 ,0.00%,0.00%,$0.00 ,$0.00 ,$0.00 ,$0.00 
15571,"9,516",0,"9,516",$0.00 ,0.00%,0.00%,$0.00 ,$0.00 ,$0.00 ,$0.00 
15888,"2,986",0,"2,986",$0.00 ,0.00%,0.00%,$0.00 ,$0.00 ,$0.00 ,$0.00 
15904,"1,523",0,"1,523",$0.00 ,0.00%,0.00%,$0.00 ,$0.00 ,$0.00 ,$0.00 
15931,"3,668",2,"3,670",$0.00 ,0.00%,0.00%,$0.00 ,$0.00 ,$0.00 ,$0.00 
15932,"1,029",0,"1,029",$0.00 ,0.00%,0.00%,$0.00 ,$0.00 ,$0.00 ,$0.00 
15948,905,0,905,$0.00 ,0.00%,0.00%,$0.00 ,$0.00 ,$0.00 ,$0.00 
16042,"2,137",0,"2,137",$0.00 ,0.00%,0.00%,$0.00 ,$0.00 ,$0.00 ,$0.00 
16046,"1,953",253,"2,206",$0.00 ,0.00%,0.00%,$0.00 ,$0.00 ,$0.00 ,$0.00 
16056,820,0,820,$0.00 ,0.00%,0.00%,$0.00 ,$0.00 ,$0.00 ,$0.00 
16630,320,0,320,$0.00 ,0.00%,0.00%,$0.00 ,$0.00 ,$0.00 ,$0.00 
20548,"9,862",179,"10,041",$0.00 ,0.00%,0.00%,$0.00 ,$0.00 ,$0.00 ,$0.00 
20619,"7,076",54,"7,130",$0.00 ,0.00%,0.00%,$0.00 ,$0.00 ,$0.00 ,$0.00 
21167,"7,825",21,"7,846",$0.00 ,0.00%,0.00%,$0.00 ,$0.00 ,$0.00 ,$0.00 
14862,1,0,1,$0.00 ,100.00%,100.00%,$0.00 ,$0.00 ,$0.00 ,$0.00 
16329,"15,294",0,"15,294",$0.00 ,100.00%,100.00%,$0.00 ,$0.00 ,$0.00 ,$0.00 
18131,1,0,1,$0.00 ,100.00%,100.00%,$0.00 ,$0.00 ,$0.00 ,$0.00 
18627,"5,722",0,"5,722",$0.00 ,100.00%,100.00%,$0.00 ,$0.00 ,$0.00 ,$0.00 
18883,"1,453",0,"1,453",$0.00 ,100.00%,100.00%,$0.00 ,$0.00 ,$0.00 ,$0.00 
18884,"3,538",0,"3,538",$0.00 ,100.00%,100.00%,$0.00 ,$0.00 ,$0.00 ,$0.00 
18902,"18,286",0,"18,286",$0.00 ,100.00%,100.00%,$0.00 ,$0.00 ,$0.00 ,$0.00 
19346,158,0,158,$0.00 ,100.00%,100.00%,$0.00 ,$0.00 ,$0.00 ,$0.00 
19716,209,0,209,$0.00 ,100.00%,100.00%,$0.00 ,$0.00 ,$0.00 ,$0.00 
19821,"2,023",0,"2,023",$0.00 ,100.00%,100.00%,$0.00 ,$0.00 ,$0.00 ,$0.00 
19822,"2,117",0,"2,117",$0.00 ,100.00%,100.00%,$0.00 ,$0.00 ,$0.00 ,$0.00 
21842,562,0,562,$0.00 ,100.00%,100.00%,$0.00 ,$0.00 ,$0.00 ,$0.00 
21858,234,0,234,$0.00 ,100.00%,100.00%,$0.00 ,$0.00 ,$0.00 ,$0.00 
22087,65,17,82,$0.00 ,100.00%,100.00%,$0.00 ,$0.00 ,$0.00 ,$0.00 
22143,4,1,5,$0.00 ,100.00%,100.00%,$0.00 ,$0.00 ,$0.00 ,$0.00 
14218,"2,800",0,"2,800",$0.30 ,34.00%,0.00%,$0.00 ,$0.00 ,$0.00 ,$0.00 
22114,0,3,3,$0.55 ,15.00%,10.00%,$0.00 ,$0.00 ,$0.00 ,$0.00 
